<?xml version="1.0" encoding="UTF-8"?>
<addon id="repository.miclov" name="Miclov Addons Repo" version="0.1.2" provider-name="mhancoc7">
    <requires>
        <import addon="xbmc.addon" version="12.0.0"/>
    </requires>
    <extension point="xbmc.addon.repository" name="Miclov Addons Repo">
        <info compressed="false">https://raw.githubusercontent.com/Miclov/Release-Repo/master/repo/addons.xml</info>
        <checksum>https://raw.githubusercontent.com/Miclov/Release-Repo/master/repo/addons.xml.md5</checksum>
        <datadir zip="true">https://raw.githubusercontent.com/Miclov/Release-Repo/master/repo</datadir>
        <hashes>false</hashes>
    </extension>
    <extension point="xbmc.addon.metadata">
        <summary>Kodi Addons</summary>
        <description>Video addons for Kodi</description>
        <platform>all</platform>
    </extension>
</addon>
