<?xml version="1.0" encoding="UTF-8"?>
<addon id="script.gui-creator-szn"
       version="0.0.2"
       name="GUI Creator"
       provider-name="Shinzin">
    <requires>
        <import addon="xbmc.python" version="2.1.0"/>
        <import addon="plugin.program.lt-viewer-szn" version="0.0.1" />
    </requires>
    <extension point="xbmc.python.script" library="default.py">
    <provides>video executable</provides>
    </extension>
    <extension point="xbmc.addon.metadata">
        <summary lang="en"></summary>
        <description lang="en"></description>
        <disclaimer lang="en"></disclaimer>
        <language></language>
        <platform>all</platform>
        <license></license>
        <forum></forum>
        <website></website>
        <email></email>
        <source></source>
        <news></news>
        <assets>
            <icon>icon.png</icon>
            <fanart>fanart.jpg</fanart>
            <screenshot></screenshot>
        </assets>
    </extension>
</addon>
